release,component,dataset,data_url,documentation_url,raw_committed
2021-2023,demographics,DEMO_L,https://wwwn.cdc.gov/Nchs/Data/Nhanes/Public/2021/DataFiles/DEMO_L.xpt,https://wwwn.cdc.gov/Nchs/Data/Nhanes/Public/2021/DataFiles/DEMO_L.htm,False
2021-2023,questionnaire,ALQ_L,https://wwwn.cdc.gov/Nchs/Data/Nhanes/Public/2021/DataFiles/ALQ_L.xpt,https://wwwn.cdc.gov/Nchs/Data/Nhanes/Public/2021/DataFiles/ALQ_L.htm,False
2021-2023,questionnaire,BPQ_L,https://wwwn.cdc.gov/Nchs/Data/Nhanes/Public/2021/DataFiles/BPQ_L.xpt,https://wwwn.cdc.gov/Nchs/Data/Nhanes/Public/2021/DataFiles/BPQ_L.htm,False
2021-2023,questionnaire,DBQ_L,https://wwwn.cdc.gov/Nchs/Data/Nhanes/Public/2021/DataFiles/DBQ_L.xpt,https://wwwn.cdc.gov/Nchs/Data/Nhanes/Public/2021/DataFiles/DBQ_L.htm,False
2021-2023,questionnaire,DIQ_L,https://wwwn.cdc.gov/Nchs/Data/Nhanes/Public/2021/DataFiles/DIQ_L.xpt,https://wwwn.cdc.gov/Nchs/Data/Nhanes/Public/2021/DataFiles/DIQ_L.htm,False
2021-2023,questionnaire,DPQ_L,https://wwwn.cdc.gov/Nchs/Data/Nhanes/Public/2021/DataFiles/DPQ_L.xpt,https://wwwn.cdc.gov/Nchs/Data/Nhanes/Public/2021/DataFiles/DPQ_L.htm,False
2021-2023,questionnaire,HSQ_L,https://wwwn.cdc.gov/Nchs/Data/Nhanes/Public/2021/DataFiles/HSQ_L.xpt,https://wwwn.cdc.gov/Nchs/Data/Nhanes/Public/2021/DataFiles/HSQ_L.htm,False
2021-2023,questionnaire,MCQ_L,https://wwwn.cdc.gov/Nchs/Data/Nhanes/Public/2021/DataFiles/MCQ_L.xpt,https://wwwn.cdc.gov/Nchs/Data/Nhanes/Public/2021/DataFiles/MCQ_L.htm,False
2021-2023,questionnaire,PAQ_L,https://wwwn.cdc.gov/Nchs/Data/Nhanes/Public/2021/DataFiles/PAQ_L.xpt,https://wwwn.cdc.gov/Nchs/Data/Nhanes/Public/2021/DataFiles/PAQ_L.htm,False
2021-2023,questionnaire,RHQ_L,https://wwwn.cdc.gov/Nchs/Data/Nhanes/Public/2021/DataFiles/RHQ_L.xpt,https://wwwn.cdc.gov/Nchs/Data/Nhanes/Public/2021/DataFiles/RHQ_L.htm,False
2021-2023,questionnaire,RXQ_RX_L,https://wwwn.cdc.gov/Nchs/Data/Nhanes/Public/2021/DataFiles/RXQ_RX_L.xpt,https://wwwn.cdc.gov/Nchs/Data/Nhanes/Public/2021/DataFiles/RXQ_RX_L.htm,False
2021-2023,questionnaire,SLQ_L,https://wwwn.cdc.gov/Nchs/Data/Nhanes/Public/2021/DataFiles/SLQ_L.xpt,https://wwwn.cdc.gov/Nchs/Data/Nhanes/Public/2021/DataFiles/SLQ_L.htm,False
2021-2023,questionnaire,SMQ_L,https://wwwn.cdc.gov/Nchs/Data/Nhanes/Public/2021/DataFiles/SMQ_L.xpt,https://wwwn.cdc.gov/Nchs/Data/Nhanes/Public/2021/DataFiles/SMQ_L.htm,False
2021-2023,questionnaire,SMQRTU_L,https://wwwn.cdc.gov/Nchs/Data/Nhanes/Public/2021/DataFiles/SMQRTU_L.xpt,https://wwwn.cdc.gov/Nchs/Data/Nhanes/Public/2021/DataFiles/SMQRTU_L.htm,False
2021-2023,questionnaire,WHQ_L,https://wwwn.cdc.gov/Nchs/Data/Nhanes/Public/2021/DataFiles/WHQ_L.xpt,https://wwwn.cdc.gov/Nchs/Data/Nhanes/Public/2021/DataFiles/WHQ_L.htm,False
2021-2023,examination,BMX_L,https://wwwn.cdc.gov/Nchs/Data/Nhanes/Public/2021/DataFiles/BMX_L.xpt,https://wwwn.cdc.gov/Nchs/Data/Nhanes/Public/2021/DataFiles/BMX_L.htm,False
2021-2023,examination,BPXO_L,https://wwwn.cdc.gov/Nchs/Data/Nhanes/Public/2021/DataFiles/BPXO_L.xpt,https://wwwn.cdc.gov/Nchs/Data/Nhanes/Public/2021/DataFiles/BPXO_L.htm,False
2021-2023,laboratory,ALB_CR_L,https://wwwn.cdc.gov/Nchs/Data/Nhanes/Public/2021/DataFiles/ALB_CR_L.xpt,https://wwwn.cdc.gov/Nchs/Data/Nhanes/Public/2021/DataFiles/ALB_CR_L.htm,False
2021-2023,laboratory,BIOPRO_L,https://wwwn.cdc.gov/Nchs/Data/Nhanes/Public/2021/DataFiles/BIOPRO_L.xpt,https://wwwn.cdc.gov/Nchs/Data/Nhanes/Public/2021/DataFiles/BIOPRO_L.htm,False
2021-2023,laboratory,CBC_L,https://wwwn.cdc.gov/Nchs/Data/Nhanes/Public/2021/DataFiles/CBC_L.xpt,https://wwwn.cdc.gov/Nchs/Data/Nhanes/Public/2021/DataFiles/CBC_L.htm,False
2021-2023,laboratory,FERTIN_L,https://wwwn.cdc.gov/Nchs/Data/Nhanes/Public/2021/DataFiles/FERTIN_L.xpt,https://wwwn.cdc.gov/Nchs/Data/Nhanes/Public/2021/DataFiles/FERTIN_L.htm,False
2021-2023,laboratory,FOLATE_L,https://wwwn.cdc.gov/Nchs/Data/Nhanes/Public/2021/DataFiles/FOLATE_L.xpt,https://wwwn.cdc.gov/Nchs/Data/Nhanes/Public/2021/DataFiles/FOLATE_L.htm,False
2021-2023,laboratory,GHB_L,https://wwwn.cdc.gov/Nchs/Data/Nhanes/Public/2021/DataFiles/GHB_L.xpt,https://wwwn.cdc.gov/Nchs/Data/Nhanes/Public/2021/DataFiles/GHB_L.htm,False
2021-2023,laboratory,GLU_L,https://wwwn.cdc.gov/Nchs/Data/Nhanes/Public/2021/DataFiles/GLU_L.xpt,https://wwwn.cdc.gov/Nchs/Data/Nhanes/Public/2021/DataFiles/GLU_L.htm,False
2021-2023,laboratory,HDL_L,https://wwwn.cdc.gov/Nchs/Data/Nhanes/Public/2021/DataFiles/HDL_L.xpt,https://wwwn.cdc.gov/Nchs/Data/Nhanes/Public/2021/DataFiles/HDL_L.htm,False
2021-2023,laboratory,HSCRP_L,https://wwwn.cdc.gov/Nchs/Data/Nhanes/Public/2021/DataFiles/HSCRP_L.xpt,https://wwwn.cdc.gov/Nchs/Data/Nhanes/Public/2021/DataFiles/HSCRP_L.htm,False
2021-2023,laboratory,INS_L,https://wwwn.cdc.gov/Nchs/Data/Nhanes/Public/2021/DataFiles/INS_L.xpt,https://wwwn.cdc.gov/Nchs/Data/Nhanes/Public/2021/DataFiles/INS_L.htm,False
2021-2023,laboratory,TCHOL_L,https://wwwn.cdc.gov/Nchs/Data/Nhanes/Public/2021/DataFiles/TCHOL_L.xpt,https://wwwn.cdc.gov/Nchs/Data/Nhanes/Public/2021/DataFiles/TCHOL_L.htm,False
2021-2023,laboratory,TFR_L,https://wwwn.cdc.gov/Nchs/Data/Nhanes/Public/2021/DataFiles/TFR_L.xpt,https://wwwn.cdc.gov/Nchs/Data/Nhanes/Public/2021/DataFiles/TFR_L.htm,False
2021-2023,laboratory,TRIGLY_L,https://wwwn.cdc.gov/Nchs/Data/Nhanes/Public/2021/DataFiles/TRIGLY_L.xpt,https://wwwn.cdc.gov/Nchs/Data/Nhanes/Public/2021/DataFiles/TRIGLY_L.htm,False
2021-2023,laboratory,TST_L,https://wwwn.cdc.gov/Nchs/Data/Nhanes/Public/2021/DataFiles/TST_L.xpt,https://wwwn.cdc.gov/Nchs/Data/Nhanes/Public/2021/DataFiles/TST_L.htm,False
2021-2023,laboratory,VID_L,https://wwwn.cdc.gov/Nchs/Data/Nhanes/Public/2021/DataFiles/VID_L.xpt,https://wwwn.cdc.gov/Nchs/Data/Nhanes/Public/2021/DataFiles/VID_L.htm,False
